Workbook

Sheet Course Ratings
A1: Golf Course Rating Tracker — Golfweek's Best System
A2: Rate each course 1–10 on Golfweek's 10 criteria, then provide your Overall Rating (1–10). Courses are ranked by Overall Rating.
A3: # | B3: Course Name | C3: City | D3: State | E3: Type | F3: Routing | G3: Design Integrity / Shaping | H3: Overall Land Plan | I3: Greens & Surrounds | J3: Par 3 Variety & Memorability | K3: Par 4 Variety & Memorability | L3: Par 5 Variety & Memorability | M3: Tree & Landscape Mgmt | N3: Conditioning & Ecology | O3: Walk in the Park Test | P3: Overall Rating (1-10)
A4: 1
A5: 2
A6: 3
A7: 4
A8: 5
A9: 6
A10: 7
A11: 8
A12: 9
A13: 10
A14: 11
A15: 12
... A123: 120
B125: AVERAGES | F125: =IF(COUNT(F4:F123)>0,AVERAGE(F4:F123),"") | G125: =IF(COUNT(G4:G123)>0,AVERAGE(G4:G123),"") | H125: =IF(COUNT(H4:H123)>0,AVERAGE(H4:H123),"") | I125: =IF(COUNT(I4:I123)>0,AVERAGE(I4:I123),"") | J125: =IF(COUNT(J4:J123)>0,AVERAGE(J4:J123),"") | K125: =IF(COUNT(K4:K123)>0,AVERAGE(K4:K123),"") | L125: =IF(COUNT(L4:L123)>0,AVERAGE(L4:L123),"") | M125: =IF(COUNT(M4:M123)>0,AVERAGE(M4:M123),"") | ... P125: =IF(COUNT(P4:P123)>0,AVERAGE(P4:P123),"")
B126: COURSES RATED | F126: =COUNT(F4:F123) -> 0 | P126: =COUNT(P4:P123) -> 0

Sheet Rankings Dashboard
A1: Rankings Dashboard
A2: Top courses sorted by Overall Rating. Tip: Use Excel's Sort & Filter on the Course Ratings sheet to sort by any column.
A4: Golfweek Rating Scale Reference
A5: 8.0 – 10.0 | B5: Incredible — World-class golf course
A6: 7.0 – 7.9 | B6: Excellent — Worth traveling great distances
A7: 6.0 – 6.9 | B7: Very Good — Likely the best course in most cities
A8: 5.0 – 5.9 | B8: Good — Solid course, enjoyable experience
A9: Below 5.0 | B9: Average to Below Average
A12: Quick Stats
A13: Total Courses | C13: =COUNTA('Course Ratings'!B4:B123) -> 0
A14: Courses Rated | C14: =COUNT('Course Ratings'!P4:P123) -> 0
A15: Highest Overall Rating | C15: =IF(COUNT('Course Ratings'!P4:P123)>0,MAX('Course Ratings'!P4:P123),"")
A16: Lowest Overall Rating | C16: =IF(COUNT('Course Ratings'!P4:P123)>0,MIN('Course Ratings'!P4:P123),"")
A17: Average Overall Rating | C17: =IF(COUNT('Course Ratings'!P4:P123)>0,AVERAGE('Course Ratings'!P4:P123),"")
A20: Courses by State
A21: CO | B21: =COUNTIF('Course Ratings'!D4:D123,A21) -> 0
A22: FL | B22: =COUNTIF('Course Ratings'!D4:D123,A22) -> 0
A23: GA | B23: =COUNTIF('Course Ratings'!D4:D123,A23) -> 0
A24: HI | B24: =COUNTIF('Course Ratings'!D4:D123,A24) -> 0
A25: IN | B25: =COUNTIF('Course Ratings'!D4:D123,A25) -> 0
A26: KS | B26: =COUNTIF('Course Ratings'!D4:D123,A26) -> 0
A27: KY | B27: =COUNTIF('Course Ratings'!D4:D123,A27) -> 0
A28: MD | B28: =COUNTIF('Course Ratings'!D4:D123,A28) -> 0
A29: MN | B29: =COUNTIF('Course Ratings'!D4:D123,A29) -> 0
A30: NC | B30: =COUNTIF('Course Ratings'!D4:D123,A30) -> 0
A31: NE | B31: =COUNTIF('Course Ratings'!D4:D123,A31) -> 0
A32: NY | B32: =COUNTIF('Course Ratings'!D4:D123,A32) -> 0
A33: SC | B33: =COUNTIF('Course Ratings'!D4:D123,A33) -> 0
A34: WI | B34: =COUNTIF('Course Ratings'!D4:D123,A34) -> 0
A37: Courses by Type
A38: Public | B38: =COUNTIF('Course Ratings'!E4:E123,A38) -> 0
A39: Private | B39: =COUNTIF('Course Ratings'!E4:E123,A39) -> 0
A40: Resort | B40: =COUNTIF('Course Ratings'!E4:E123,A40) -> 0
A41: Semi-Private | B41: =COUNTIF('Course Ratings'!E4:E123,A41) -> 0
A42: Military | B42: =COUNTIF('Course Ratings'!E4:E123,A42) -> 0

Sheet Rating Guide
A1: Golfweek's Best — Rating Criteria Guide
A2: Use this guide when evaluating courses. Each criterion is scored 1-10.
A4: Criterion | B4: What to Evaluate | C4: Key Questions
A5: Routing | B5: How the holes flow from one to the next; variety of direction changes | C5: Does the layout feel natural? Is there good variety in hole direction?
A6: Design Integrity / Shaping | B6: For classic courses: preservation of original design. For modern: quality of earthwork and shaping | C6: Does the design feel authentic? Is the shaping artful or heavy-handed?
A7: Overall Land Plan | B7: How well the course fits the natural terrain and landscape | C7: Does the course work with the land or fight against it?
A8: Greens & Surrounds | B8: Quality, contour, and creativity of green complexes and their surrounds | C8: Are the greens interesting? Do surrounds offer recovery options?
A9: Par 3 Variety & Memorability | B9: Range of distances, shot shapes, and visual impact of par 3s | C9: Can you picture each par 3 after the round? Is there length variety?
A10: Par 4 Variety & Memorability | B10: Mix of short, medium, and long par 4s with different strategies | C10: Do the par 4s demand different clubs and approaches off the tee?
A11: Par 5 Variety & Memorability | B11: Risk-reward balance, reachability decisions, and strategic interest | C11: Are there meaningful go/no-go decisions? Are they more than long par 4s?
A12: Tree & Landscape Mgmt | B12: How trees, native areas, and landscaping frame holes without being punitive | C12: Do trees enhance strategy and aesthetics? Is there good sightline management?
A13: Conditioning & Ecology | B13: Turf quality, firmness, course presentation, and environmental stewardship | C13: Are fairways firm and fast? Is the course well-maintained and sustainable?
A14: Walk in the Park Test | B14: The overall enjoyment of spending 4-5 hours on the property | C14: Would you happily walk this course even without clubs? Is the setting special?
A17: Rating Scale
A18: 9-10 | B18: Exceptional / Masterpiece | C18: Among the finest examples in the world
A19: 7-8 | B19: Excellent / Outstanding | C19: Worth a special trip to experience
A20: 5-6 | B20: Very Good / Good | C20: Strong in this area, enjoyable
A21: 3-4 | B21: Average / Below Average | C21: Unremarkable or has notable weaknesses
A22: 1-2 | B22: Poor / Weak | C22: Significant shortcomings in this area
